Rank,Gene name,Group,P-value,Annotation – Gene Ontology,Annotation – UniProt,Text-mining,Annotation – InterPro,Annotation – Pfam,Annotation – SIMAP (localization),Annotation – DrugBank,Annotation – Stitch,Annotation – RGD ChEBI,Annotation – Reactome,Annotation – WikiPathways,Annotation – RGD pathways,Annotation – BioCarta,Annotation – CPDB,Annotation – hiPathDB,Annotation – GAD,Annotation – OMIM,Annotation – RGD MP,Annotation – RGD RDO,Interaction – String,Interaction – BioGrid,Interaction – I2D,Interaction – IntAct,Interaction – iRefIndex,Interaction – Mint,Interaction – HPRD,Interaction – MIPS,Interaction – GeneRIF,Expression – Su et al (2002),Expression – Su et al (2004),Expression – CMAP,Expression – Lukk et al,Annotation – PaGenBase,Annotation – CGAP,Annotation – GNF,Annotation – eGenetics,Blast,Precalculated – Ouzounis,Precalculated – Prospectr,Precalculated – HaploPred,Annotation – Aura,Annotation – mirZ,id
1,PARK2,Training gene,0.0051,0.3281,0.0154,0.1376,0.2113,0.2021,0,0,0.0361,0.4974,0.9044,0,0.2061,0.0182,0.0805,0.1757,0.1916,0.2907,0.1008,0.373,0.0308,0.2821,0.2769,0.2,0.2923,0.1692,0.2513,0.0974,0.2923,0.245,0.0235,0.1765,0.1235,0.1823,0.9358,0.5523,0.0186,0.2462,0.2759,0.7619,0.7151,0.2928,0.328,0
2,DRD2,Training gene,0.0103,0.3281,0.1795,0.0317,0.0258,0.057,0.5802,0.0111,0.8976,0.4974,0.0147,0.041,0.5267,0.2545,0.0747,0.1149,0.1916,0.3488,0.0078,0.373,0.3026,0.2821,0.2769,0.2,0.2923,0.1692,0.2513,0.641,0.2923,0.8874,0.0118,0.2706,0.0294,0.1094,0.9358,0.2674,0.2547,0.2462,0.2471,0.1217,0.7473,0.884,0.3704,1
3,SNCA,Training gene,0.0154,0.3281,0.0051,0.0741,0.0464,0.0104,0,0,0.012,0.4974,0.9044,0.2295,0.1527,0.0364,0.046,0.1081,0.1916,0.1395,0.2248,0.373,0.0308,0.2821,0.2769,0.2,0.2923,0.1692,0.2513,0.0974,0.2923,0.5563,0.8647,0.4647,0.5176,0.0677,0.5775,0.314,0.2236,0.559,0.023,0.7354,0.1774,0.7403,0.7037,2
4,GAD1,Training gene,0.0205,0.3281,0.2205,0.1746,0.1649,0.1658,0.1985,0.7667,0.0181,0.4974,0.4485,0.1393,0.3969,0,0.3678,0.8041,0.1916,0.4884,0.2946,0.373,0.7333,0.2821,0.2769,0.2,0.2923,0.1692,0.2513,0.641,0.2923,0.0066,0.4529,0.5882,0.2,0.0208,0.0535,0.1047,0.0497,0.2462,0.5057,0.2646,0.0591,0.2928,0.7037,3
5,NGF,Training gene,0.0256,0.3281,0.1487,0.3492,0.0103,0.0259,0.1985,0.7667,0.1807,0.4974,0.1324,0.3852,0.4198,0.1909,0.1437,0.1689,0.1916,0.3256,0.2326,0.373,0.1179,0.2821,0.2769,0.2,0.2923,0.1692,0.2513,0.0974,0.2923,0.3245,0.5,0.3353,0.5412,0.5521,0.8182,0.3721,0,0.2462,0.1207,0.1958,0.8387,0.2928,0.7037,4
6,SLC6A3,Training gene,0.0308,0.3281,0.0718,0.0423,0.6134,0.3005,0.4351,0.0889,0.2108,0.4974,0.4044,0.2459,0.2443,0.0091,0.023,0.1351,0.1916,0.186,0.062,0.373,0.1385,0.2821,0.2769,0.8821,0.2923,0.1692,0.2513,0.641,0.2923,0.3576,0.3588,0.2647,0.6824,0.1094,0.9358,0,0.1988,0.2462,0.3793,0.1217,0.672,0.2928,0.3704,5
7,APP,Training gene,0.0359,0.3281,0.0769,0.3545,0.6134,0.7047,0.4351,0.7667,0.253,0.4974,0.0882,0.2295,0.3282,0.1364,0.2299,0.0541,0.3832,0.6395,0.2093,0.373,0.1846,0.2821,0.2769,0.2,0.2923,0.1692,0.2513,0.0974,0.2923,0.1325,0.1941,0.6118,0.1588,0.5521,0.4332,0.2791,0.3665,0.2462,0.046,0.4127,0.0323,0.768,0.1587,6
8,HTR1A,Training gene,0.041,0.3281,0.7641,0.0635,0.1907,0.057,0.5802,0.0556,0.2952,0.4974,0.0441,0.1557,0,0,0.1724,0.3581,0.1916,0.3953,0.4884,0.373,0.3897,0.2821,0.2769,0.2,0.2923,0.7692,0.2513,0.0974,0.2923,0,0.5647,0.1176,0.1118,0.1094,0.0267,0.6453,0.1118,0.2462,0.4253,0.3386,0.328,0,0,7
9,GRM5,Training gene,0.0462,0.3281,0.6103,0.3386,0.1753,0.1451,0.4351,0.4444,0.1747,0.4974,0.1544,0.3443,0.1679,0,0.3793,0.1892,0.4251,0,0.5659,0,0.5897,0.2821,0.2769,0.8821,0.2923,0.7692,0.2513,0.641,0.2923,0.0662,0.0941,0.0118,0.0118,0.0052,0.615,0.186,0.0248,0.2462,0.3563,0.3333,0.5323,0.2928,0.1587,8
10,BDNF,Training gene,0.0513,0.3281,0.1179,0.0529,0.0103,0.0259,0.4351,0,0.0663,0.4974,0,0.3607,0.1374,0.1455,0.1092,0.0743,0.1916,0.1628,0.2016,0.373,0.2513,0.2821,0.2769,0.2,0.2923,0.1692,0.2513,0.641,0.2923,0.8146,0.3059,0.6647,0.8118,0.8958,0.0802,0.9826,0.1615,0.2462,0.0575,0.6032,0.1183,0.2928,0.1587,9
11,TH,Training gene,0.0564,0.3281,0.0359,0.0053,0.0567,0.1606,0.7328,0.4222,0.1627,0.4974,0.2941,0.0164,0.0076,0.1182,0.0057,0.0338,0.1916,0.686,0.155,0.373,0.159,0.2821,0.2769,0.8821,0.2923,0.1692,0.2513,0.641,0.2923,0.7748,0.9471,0.9882,0.9706,0.1354,0.9358,0.3023,0.7329,0.2462,0.0345,0.0317,0.172,0,0.7037,10
12,DRD1,Training gene,0.0615,0.3281,0.5949,0.0212,0.0258,0.057,0.4351,0.0222,0.1687,0.4974,0.0294,0.1639,0.5344,0.2545,0.0862,0.0946,0.1916,0,0.0155,0.373,0.4615,0.2821,0.2769,0.8821,0.2923,0.7692,0.2513,0.641,0.2923,0.7152,0.5588,0.6529,0.1353,0.026,0.3529,0.4128,0.5714,0.2462,0.4713,0.0688,0.7097,0.2928,0.1587,11
13,MAPT,Training gene,0.0667,0.3281,0.041,0.0952,0.1237,0.1399,0,0,0.3072,0.4974,0.7794,0.1803,0.1908,0.2273,0.3161,0.1622,0.1916,0.093,0.3256,0.373,0.0667,0.2821,0.2769,0.2,0.2923,0.1692,0.2513,0.641,0.2923,0.0265,0.3941,0.8529,0.1294,0.0417,0.1551,0.9535,0.7702,0.2462,0,0.7619,0.5914,0.2928,0.1587,12
14,CDK5,Training gene,0.0718,0.3281,0.1436,0.4286,0.6134,0.2383,0,0.7667,0.0843,0.4974,0.375,0.0738,0.3053,0.1818,0.1207,0.2095,0.515,0,0.3953,0.373,0.0872,0.2821,0.2769,0.2,0.2923,0.1692,0.2513,0.0974,0.2923,0.0861,0.6765,0.6706,0.4059,0.0313,0.2299,0.0872,0.4534,0.2462,0.6034,0.0317,0.2742,0.6685,0.7037,13
15,GRIN2B,Training gene,0.0769,0.3281,0.2308,0.1534,0.1856,0.1865,0.4351,0.1889,0.1265,0.4974,0.6324,0.123,0.1145,0.2364,0.0632,0.0473,0.1916,0.7093,0.3721,0.373,0.5128,0.2821,0.2769,0.2,0.2923,0.1692,0.2513,0.641,0.2923,0.6689,0.0176,0.1118,0.0882,0.0781,0.9358,0.7209,0.7391,0.2462,0.2989,0.3016,0.3817,0.2928,0.7037,14
16,DDC,Training gene,0.0821,0.3281,0.2513,0.0899,0.1649,0.1658,0,0.1667,0.0602,0.4974,0.3235,0.0082,0.145,0.2727,0.0115,0.0608,0.1916,0.4419,0.2868,0.373,0.1385,0.2821,0.2769,0.2,0.2923,0.7692,0.2513,0.641,0.2923,0.755,0.9706,0.0176,0.9647,0.5521,0.8503,0.4535,0.3478,0.2462,0.4885,0.2328,0.3011,0.2928,0.1587,15
17,CASP3,Training gene,0.0872,0.3281,0.4513,0.3651,0.2216,0.2124,0,0.5111,0.1566,0.4974,0.1471,0.1311,0.0229,0.1,0.0287,0.0068,0.5749,0,0.0698,0.373,0.0974,0.2821,0.2769,0.2,0.2923,0.1692,0.2513,0.641,0.2923,0.4437,0.8294,0.5941,0.3,0.5521,0.1551,0,0.9193,0.2462,0.2069,0.6667,0.0806,0.5801,0.1587,16
18,HTR2A,Training gene,0.0923,0.3281,0.9077,0.0106,0.1907,0.057,0.5802,0.0333,0.3012,0.4974,0.0588,0.1066,0,0,0.1782,0.3176,0.1916,0.0698,0.814,0.373,0.4256,0.2821,0.2769,0.8821,0.2923,0.1692,0.2513,0.641,0.2923,0.702,0.0647,0.1647,0.0588,0.1406,0.3476,0.3256,0,0.2462,0.431,0.619,0.3925,0.2928,0.1587,17
19,DRD3,Training gene,0.0974,0.3281,0.5949,0.0159,0.0258,0.057,0.5802,0.0444,0.4096,0.4974,0.0147,0.0656,0.5191,0,0.1322,0.1959,0.1916,0.1163,0.3333,0.373,0.3641,0.2821,0.2769,0.8821,0.2923,0.7692,0.2513,0.641,0.2923,0.3841,0.3353,0.0059,0.2059,0.1094,0.9358,0.843,0.1118,0.2462,0.1322,0.1217,0.6989,0,0,18
20,AKT1,Training gene,0.1026,0.3281,0.2103,0.254,0.6134,0.2383,0,0.5,0.4036,0.4974,0.1838,0.3689,0.3359,0.1273,0.1667,0.0405,0.1916,0.1512,0.0233,0.373,0.0872,0.2821,0.2769,0.2,0.2923,0.1692,0.2513,0.0974,0.2923,0.4702,0.8765,0.5471,0.5765,0.5521,0.5401,0.5988,0.9689,0.2462,0.2644,0.4074,0.0215,0.011,0.7037,19
21,MAOB,Training gene,0.1077,0.3281,0.2872,0.0688,0.1443,0.1762,0.8321,0.1222,0.0904,0.4974,0.3382,0.4016,0.1298,0.0273,0.0402,0.027,0.1916,0,0.5814,0.373,0.1385,0.2821,0.2769,0.2,0.2923,0.7692,0.2513,0.641,0.2923,0.6821,0.7824,0.5294,0.1,0.5521,0.2674,0.1686,0,0.2462,0.2586,0.4444,0.3226,0.2928,0.7037,20
22,MAPK14,Training gene,0.1128,0.3281,0.3846,0.2275,0.201,0.2383,0,0.7667,0.5241,0.4974,0.3676,0.1148,0.1221,0.3818,0.1034,0.2432,0.5569,0,0.2791,0.373,0.4154,0.2821,0.2769,0.2,0.2923,0.1692,0.2513,0.641,0.2923,0.3046,0.1294,0.5647,0.1412,0.9167,0.0481,0.5756,0.8634,0.2462,0.592,0.0317,0.0645,0.011,0.1587,21
23,NTF3,Training gene,0.1179,0.3281,0.2769,0.3016,0.0103,0.0259,0.4351,0,0.3313,0.4974,0,0,0.4656,0.1636,0.2414,0.0878,0.1916,0,0.2713,0.373,0.2513,0.2821,0.2769,0.2,0.2923,0.1692,0.2513,0.0974,0.2923,0.894,0.4176,0.7059,0.6765,0.5521,0.7594,0.564,0.1925,0.2462,0.2299,0.0952,0.4839,0.2928,0.7037,22
24,UCHL1,Training gene,0.1231,0.3281,0.0513,0.1323,0.6134,0.7047,0,0,0.6024,0.4974,0,0.8443,0.1985,0.0636,0.092,0.1351,0.1916,0.7442,0.5039,0.373,0.2205,0.2821,0.2769,0.2,0.2923,0.1692,0.2513,0.641,0.2923,0.0728,0.3765,0.6412,0.2588,0.1094,0.0909,0.0349,0.0062,0.2462,0.3908,0.7037,0.1237,0.884,0.3704,23
25,PINK1,Training gene,0.1282,0.3281,0.0923,0.1905,0.6134,0.2383,0.7328,0,0.0783,0.4974,0,0,0.2443,0,0.1552,0,0.1916,0.5,0.4341,0.373,0.3231,0.2821,0.2769,0.2,0.2923,0.1692,0.2513,0.0974,0.2923,0.1258,0.2118,0.5824,0.0706,0.5521,0.3422,0.0581,0,0.2462,0.977,0.4444,0.8495,0.2928,0.1587,24
26,SOD1,Training gene,0.1333,0.3281,0.0667,0.2381,0.6134,0.7047,0.0153,0.2667,0.2289,0.4974,0.9044,0.3361,0.1603,0.7455,0.1897,0.2635,0.1916,0.4651,0.2636,0.373,0.0308,0.2821,0.2769,0.2,0.2923,0.1692,0.2513,0.641,0.2923,0.5497,0.6176,0.8647,0.3941,0.5521,0.4332,0.0174,0.7826,0.5487,0.0805,0.3122,0.2957,0.0221,0.1587,25
27,NOS1,Training gene,0.1385,0.3281,0.6462,0.0847,0.6134,0.7047,0.7328,0.2111,0.2349,0.4974,0.9044,0.0902,0.0458,0.7455,0.2356,0.1014,0.1916,0,0.0775,0.373,0.5795,0.2821,0.2769,0.8821,0.2923,0.1692,0.2513,0.0974,0.2923,0.8543,0.0059,0.4529,0.0176,0.5521,0.615,0.4826,0.0124,0.2462,0.3103,0.0899,0.7903,0.2928,0.1587,26
28,SNCB,Training gene,0.1436,0.3281,0.7436,0.3704,0.0464,0.0104,0,0,0,0.4974,0,0,0,0,0,0,0.5269,0.0814,0.6357,0.373,0.641,0.2821,0.2769,0.2,0.2923,0.1692,0.2513,0.641,0.2923,0.1987,0.6529,0.0647,0.0412,0.0365,0.0267,0.1512,0.2112,0.5692,0.4138,0.3492,0.3333,0.884,0.7037,27
29,PDYN,Training gene,0.1487,0.3281,0.1231,0.2222,0.134,0.1244,0.1985,0,0.259,0.4974,0.0735,0,0,0,0.3103,0.4865,0.1916,0.5814,0.3643,0.373,0.3026,0.2821,0.2769,0.8821,0.2923,0.7692,0.2513,0.641,0.2923,0.7417,0.5706,0.0412,0.0529,0.0104,0.4171,0.2907,0.0807,0.2462,0.6437,0.582,0.9301,0.2928,0.1587,28
30,CAT,Training gene,0.1538,0.3281,0.2564,0.1058,0.6134,0.3627,0,0.3111,0.1325,0.4974,0.5221,0.2787,0.2137,0.4364,0.2529,0.1824,0.1916,0.4186,0.8372,0.373,0.0667,0.2821,0.2769,0.2,0.2923,0.1692,0.2513,0.641,0.2923,0.5166,0.9765,0.3529,0.3353,0.5521,0.3797,0.4651,0.764,0.2462,0.0632,0.2328,0.3441,0.2928,0.7037,29
31,CHRNA4,Training gene,0.159,0.3281,0.2308,0.1587,0.6134,0.7047,0.4351,0.3444,0.4819,0.4974,0.6324,0.082,0,0,0.1954,0.2973,0.1916,0.2442,0.4574,0.373,0.5231,0.2821,0.2769,0.8821,0.2923,0.1692,0.2513,0.0974,0.2923,0.6159,0.2647,0.0706,0.0471,0.1458,0.9358,0.5116,0,0.2462,0.1034,0.0688,0.914,0.2928,0.3704,30
32,GRM1,Training gene,0.1641,0.3281,0.1385,0.3333,0.1753,0.1451,0.4351,0.4444,0.4157,0.4974,0.1544,0.3115,0.1679,0.2545,0.3851,0.25,0.6048,0.5698,0.0853,0.373,0.7744,0.2821,0.2769,0.8821,0.2923,0.1692,0.2513,0.641,0.2923,0.8278,0.1412,0.2059,0.0941,0.0625,0.9358,0.686,0.1739,0.2462,0.0517,0.3016,0.5215,0.2928,0.7037,31
33,MAOA,Training gene,0.1692,0.3281,0.2974,0.0582,0.1443,0.1762,0.7328,0.1111,0.1205,0.4974,0.125,0.0246,0.4275,0.2,0.0172,0.0676,0.1916,0.314,0.5969,0.373,0.1846,0.2821,0.2769,0.2,0.2923,0.7692,0.2513,0.641,0.2923,0.7616,0.8235,0.6353,0.5118,0.5521,0.0267,0.6686,0.5466,0.2462,0,0.4444,0.9785,0.2928,0.7037,32
34,TAC1,Training gene,0.1744,0.3281,0.3231,0.2963,0.6134,0.3368,0.1985,0,0.2711,0.4974,0.1103,0,0,0.7455,0.3966,0.8041,0.4311,0,0.8062,0.373,0.159,0.2821,0.2769,0.2,0.2923,0.1692,0.2513,0.641,0.2923,0.5828,0.5941,0.1,0.0647,0.0156,0.1818,0.2267,0.0559,0.559,0.2529,0.8413,0.6452,0.2928,0.7037,33
35,APOE,Training gene,0.1795,0.3281,0.0872,0.1481,0.6134,0.7047,0.1985,0.7667,0.2771,0.4974,0.2574,0.2705,0.3206,0.7455,0.4253,0.2703,0.1916,0.6977,0.031,0.373,0.1744,0.2821,0.2769,0.2,0.2923,0.1692,0.2513,0.0974,0.2923,0.0331,0.7706,0.4,0.4412,0.9531,0.2086,0.1279,0.236,0.2462,0.2931,0.8995,0.5968,0.884,0.7037,34
36,ADORA2A,Training gene,0.1846,0.3281,0.5128,0.2328,0.6134,0.057,0.4351,0.3222,0.2048,0.4974,0.0515,0.1967,0.7939,0.2909,0.2931,0.3108,0.1916,0,0.1783,0.373,0.4615,0.2821,0.2769,0.2,0.2923,0.1692,0.2513,0.641,0.2923,0,0,0,0,0.151,0.7059,0,0.6646,0.2462,0.3621,0.0688,0.8011,0.884,0.7037,35
37,PARK7,Training and candidate gene,0.1897,0.3281,0.0103,0.2063,0.6134,0.7047,0,0.7667,0.0301,0.4974,0,0.6475,0.2443,0.0636,0.0977,0.1351,0.1916,0.7907,0.4729,0.373,0.1487,0.2821,0.2769,0.2,0.2923,0.7692,0.2513,0.0974,0.2923,0.596,0.6412,0.8412,0.5,0.5521,0.5775,0.0116,0.3168,0.5128,0.2874,0.7196,0.6828,0.6685,0.7037,36
38,COMT,Training gene,0.1949,0.3281,0.5026,0.0265,0.6134,0.7047,0.4351,0.1444,0.2651,0.4974,0.1397,0.1885,0.458,0.2091,0.1379,0.2365,0.1916,0.1047,0.3023,0.373,0.1846,0.2821,0.2769,0.2,0.2923,0.1692,0.2513,0.641,0.2923,0.5099,0.8412,0.8765,0.9059,0.974,0.4813,0.3372,0.6832,0.2462,0.1494,0.381,0.8656,0.2928,0.1587,37
39,TOR1A,Training gene,0.2,0.8229,0.6308,0.7407,0.6134,0.7047,0.1985,0,0.2229,0.4974,0,0,0,0.0636,0.3333,0.1351,0.3892,0.8023,0.4806,0.373,0.2821,0.2821,0.2769,0.2,0.2923,0.1692,0.2513,0.0974,0.2923,0.9801,0.2471,0.3941,0.2647,0.5521,0.2834,0.8488,0.4969,0.2462,0.2011,0.0688,0.1882,0.2928,0.3704,38
40,CNR1,Training gene,0.2051,0.3281,0.6154,0.9947,0.6134,0.057,0.5802,0.7667,0.8976,0.4974,0.0662,0.4098,0.771,0.7455,0.4598,0.2973,0.1916,0,0.1628,0.373,0.6051,0.2821,0.2769,0.2,0.2923,0.7692,0.2513,0.0974,0.2923,0.351,0.1176,0.0353,0.1706,0.0521,0.5775,0.2849,0,0.2462,0.0057,0.9048,0.4086,0.2928,0.1587,39
41,DRD4,Training gene,0.2103,0.3281,0.7641,0.0794,0.0258,0.057,0.4351,0.0667,0.2831,0.4974,0.0147,0.0328,0.5115,0,0.1149,0.1959,0.1916,0.2209,0.6124,0.373,0.2308,0.2821,0.2769,0.8821,0.2923,0.1692,0.2513,0.641,0.2923,0.3775,0.3412,0.0235,0.6235,0.8958,0.9358,0.8081,0.677,0.2462,0.4023,0.3862,0.9194,0.884,0.7037,40
42,SLC6A4,Training gene,0.2154,0.3281,0.9026,0.037,0.6134,0.3472,0.5802,0.1,0.8976,0.4974,0,0.0984,0,0,0.2011,0,0.1916,0.1279,0.2481,0.373,0.6,0.2821,0.2769,0.2,0.2923,0.1692,0.2513,0.641,0.2923,0.9735,0.0706,0.1588,0.6059,0.9167,0.9358,0.6512,0.1366,0.2462,0.1782,0.0317,0.9086,0.2928,0.1587,41
43,CYCS,Training and candidate gene,0.2205,0.3281,0.2154,0.5608,0.6134,0.2694,0,0.3333,0.2892,0.4974,0.2059,0.2213,0.0305,0.0909,0.0517,0.0203,0.8443,0.4535,0,0.8651,0.3436,0.2821,0.2769,0.2,0.2923,0.1692,0.2513,0.0974,0.2923,0,0,0,0,0.5521,0.5775,0,0.3851,0.5897,0.9483,0.7354,0.4462,0.6685,0.328,42
44,HSPA8,Training gene,0.2256,0.3281,0.3744,0.2487,0.6134,0.3679,0.916,0.7667,0.512,0.4974,0.4485,0.3852,0.4046,0.7455,0.4425,0.4054,0.6287,0,0,0.373,0.0308,0.2821,0.2769,0.2,0.2923,0.1692,0.2513,0.0974,0.2923,0,0,0,0,0.5521,0.5561,0,0.8199,0.2462,0.5575,0.164,0.0054,0.7569,0.1587,43
45,HTT,Training gene,0.2308,0.3281,0.0974,0.4815,0.6134,0.3109,0.916,0,0.5843,0.4974,0,0,0.2901,0.7455,0.5632,0.3514,0.1916,0.1744,0.186,0.373,0.3641,0.2821,0.2769,0.2,0.2923,0.1692,0.2513,0.0974,0.2923,0,0.8353,0.8471,0.7059,0.5521,0.8717,0.3547,0.4658,0.2462,0,0.2857,0.1505,0.2928,0.328,44
46,DBH,Training gene,0.2359,0.3281,0.3897,0.0476,0.6134,0.7047,0.4351,0.1556,0.1145,0.4974,0.2941,0.0574,0.1832,0.3091,0.2126,0.2162,0.1916,0.7209,0.1705,0.373,0.241,0.9897,0.2769,0.8821,0.2923,0.1692,0.2513,0.641,0.2923,0.9536,0.9118,0.2529,0.6529,0.5521,0.9358,0.4186,0.0621,0.2462,0.1609,0.3228,0.6882,0.2928,0.1587,45
47,GBA,Training gene,0.241,0.3281,0.0205,0.2646,0.0928,0.3161,0.0153,0.2889,0.6446,0.4974,0.5221,0,0.6947,0,0.6552,0.8041,0.1916,0.0116,0.1395,0.373,0.6718,0.2821,0.2769,0.2,0.2923,0.1692,0.2513,0.641,0.2923,0,0,0,0,0.9896,0.6471,0,0.6087,0.2462,0.2414,0.3228,0.9624,0.884,0.7037,46
48,MT-ND1,Training gene,0.2462,0.9167,0.441,0.2434,0.6134,0.2746,0.4351,0.4778,0.3434,0.4974,0.6765,0.5492,0,0,0.3563,0.5473,0.1916,0.1977,0,0.373,0.0308,0.2821,0.2769,0.2,0.2923,0.1692,0.2513,0.0974,0.2923,0,0,0,0,0,0,0,0.3043,0.2462,0,0.9947,0,0,0,47
49,CASP9,Training gene,0.2513,0.3281,0.5641,0.3439,0.2216,0.2124,0.7328,0,0.3253,0.4974,0.2721,0.1721,0.0305,0.1091,0.0575,0.0135,0.5509,0,0.6279,0.373,0.0872,0.2821,0.2769,0.2,0.2923,0.1692,0.2513,0.0974,0.2923,0.7285,0.0765,0.8235,0.9765,0.5521,0.6791,0.6163,0.8571,0.2462,0.6322,0.8677,0.7151,0.6077,0.7037,48
50,TPH1,Training gene,0.2564,0.6667,0.2821,0.1005,0.0567,0.1347,0.916,0.4667,0.0542,0.4974,0.4118,0.0492,0.4733,0.3636,0.1494,0.3851,0.1916,0,0.4651,0.373,0.2769,0.2821,0.2769,0.2,0.2923,0.7692,0.2513,0.641,0.2923,0.9868,0.5412,0.1294,1,0.1823,0.9358,0,0.1863,0.2462,0.5805,0.3915,0.4677,0.2928,0.7037,49
51,GDNF,Training gene,0.2615,0.3281,0.1282,0.1852,0.0773,0.0984,0.4351,0,0.0422,0.4974,0.7426,0,0,0.3364,0.5172,0.3649,0.1916,0.2791,0.5194,0.373,0.0308,0.2821,0.2769,0.8821,0.2923,0.7692,0.2513,0.641,0.2923,0,0.4294,0.1235,0.3412,0.5521,0.7059,0.8953,0,0.2462,0.1149,0.8413,0.1989,0.884,0.7037,50
52,MAPK8,Training gene,0.2667,0.3281,0.5897,0.4497,0.201,0.2383,0,0.7667,0.5783,0.4974,0.1912,0.3279,0.3435,0.2182,0.1839,0.0811,0.8204,0,0.0465,0.373,0.4872,0.2821,0.2769,0.2,0.2923,0.1692,0.2513,0.641,0.2923,0.9669,0.2059,0.9118,0.3706,0.9167,0.6738,0.9826,0.323,0.2462,0.931,0.2646,0.0538,0.0055,0.7037,51
53,ATXN2,Training gene,0.2718,0.3281,0.0615,0.4021,0.6134,0.4093,0.1985,0,0.241,0.4974,0,0.5902,0,0,0.2241,0,0.1916,0.7558,0.3566,0.373,0.6462,0.2821,0.2769,0.2,0.2923,0.1692,0.2513,0.641,0.2923,0.7483,0,0,0,0.5521,0.3583,0.5233,0,0.2462,0,0,0.0968,0.884,0.7037,52
54,NDUFS4,Training gene,0.2769,0.3281,0.8769,0.4127,0.6134,0.3212,0.1985,0.3778,0.6988,0.4974,0.6765,0.5492,0.0763,0,0.3563,0.5473,0.5928,0.3721,0.093,0.373,0.2974,0.2821,0.2769,0.2,0.2923,0.7692,0.8923,0.0974,0.2923,0.404,0.0824,0.4176,0.6471,0.5521,0.5348,0.6105,0.2671,0.5282,0.3448,0.7937,0.4731,0.2928,0.7037,53
55,CHAT,Training gene,0.2821,0.3281,0.1692,0.1217,0.6134,0.7047,0.1985,0.7667,0.1928,0.4974,0.2647,0.1393,0.374,0.7455,0.2184,0.8041,0.1916,0.593,0.3411,0.373,0.2872,0.2821,0.2769,0.8821,0.2923,0.7692,0.2513,0.641,0.2923,0,0.1882,0.3706,0.3882,0.5521,0.0053,0.9244,0.9255,0.2462,0.0172,0.1217,0.9892,0.884,0.7037,54
56,HRH3,Training gene,0.2872,0.3281,0.9282,0.5873,0.6134,0.057,0.0382,0.7667,0.3554,0.4974,0.0368,0.2131,0,0,0.4195,0.2973,0.7006,0,0.4109,0.373,0.4,0.2821,0.2769,0.8821,0.2923,0.7692,0.8923,0.641,0.2923,0,0.2235,0.0941,0.0059,0.1094,0.9358,0.3081,0.0373,0.2462,0.5287,0.8042,0.9032,0.884,0.3704,55
57,SIAH1,Training gene,0.2923,0.3281,0.559,0.2751,0.6134,0.7047,0.1985,0,0.6627,0.4974,0.7868,0,0.4962,0.7455,0.523,0.4932,0.5269,0,0.9147,0,0.2923,0.2821,0.2769,0.2,0.2923,0.1692,0.2513,0.0974,0.2923,0.7086,0.2529,0.5118,0.7294,0.5521,0.369,0.6744,0.6025,0.2462,0,0.6508,0.086,0.5801,0.1587,56
58,SQSTM1,Training gene,0.2974,0.3281,0.1897,0.4974,0.6134,0.7047,0,0,0.3193,0.4974,0.1691,0.4426,0.6412,0.1545,0.3218,0.2568,0.6467,0.2674,0.2171,1,0.4205,0.2821,0.2769,0.2,0.2923,0.1692,0.2513,0.0974,0.2923,0.4172,0.6353,0.6941,0.7353,0.5521,0.3316,0.75,0.8696,0.2462,0.1724,0.8677,0.1075,0.6685,0.7037,57
59,HSPA9,Training gene,0.3026,0.7708,0.5179,0.4709,0.6134,0.3679,0.1985,0,0.8976,0.4974,0.9044,0,0.4809,0,0.4943,0,0.4551,0,0,0.373,0.6667,0.2821,0.2769,0.2,0.2923,0.1692,0.2513,0.0974,0.2923,0.3709,0.4235,0.2176,0.4647,0.5521,0.631,0.2384,0.9317,0.2462,0.4828,0.164,0.2634,0.2928,0.7037,58
60,SOD2,Training gene,0.3077,0.3281,0.2667,0.1111,0.6134,0.3523,0.7328,0.7667,0.1988,0.4974,0,0.3525,0.2748,0.4182,0.3736,0.4189,0.1916,0.5349,0.0388,0.373,0.0308,0.2821,0.2769,0.2,0.2923,0.1692,0.2513,0.641,0.2923,0.9007,0.8529,0.6235,0.8176,0.9531,0.1658,0.4767,0.8385,0.2462,0.9368,0.9735,0.2097,0.0276,0.1587,59
61,SNCG,Training gene,0.3128,0.3281,0.8462,0.5026,0.0464,0.0104,0,0,0.7831,0.4974,0,0,0,0,0,0,0.6587,0,0.7054,0.373,0.7385,0.2821,0.2769,0.2,0.2923,0.7692,0.2513,0.641,0.2923,0.2914,0.5765,0.7824,0.2176,0.1823,0.1176,0.2616,0.3416,0.5846,0.7011,0.3492,0.3548,0.884,0.7037,60
62,NQO1,Training gene,0.3179,0.3281,0.3077,0.1958,0.1031,0.114,0.7328,0.2,0.5181,0.4974,0.5221,0.2541,0.6641,0.7455,0.3276,0.8041,0.1916,0.5465,0.6899,0.373,0.5846,0.2821,0.2769,0.2,0.2923,0.1692,0.2513,0.641,0.2923,0.9205,0.3176,0.7294,0.4,0.5521,0.3048,0.8663,0.559,0.2462,0.3276,0.4444,0.8441,0.6685,0.7037,61
63,SNCAIP,Training gene,0.3231,0.3281,0.0462,0.2804,0.6134,0.7047,0.916,0,0.6867,0.4974,0,0,0.2443,0,0.069,0,0.4671,0.0349,0,0,0.0308,0.2821,0.2769,0.2,0.2923,0.1692,0.2513,0.641,0.2923,0,0.4824,0.3647,0.4588,0.5521,0.7594,0.3895,0.882,0.2462,0.7299,0.8677,0.586,0.2928,0.7037,62
64,LRRK2,Training gene,0.3282,0.3281,0.0308,0,0.1546,0.1917,0.916,0,0.0482,0.4974,0,0,0.2443,0,0.1552,0,0.1916,0.7674,0.1163,0.373,0.1692,0.2821,0.2769,0.2,0.2923,0.1692,0.8923,0.0974,0.2923,0,0,0,0,0.5521,0.9358,0.8081,0.6149,0.2462,0,0.9524,0.9247,0.884,0.7037,63
65,STUB1,Training gene,0.3333,0.3281,0.7026,0.4074,0.6134,0.7047,0.916,0,0.759,0.4974,0.4632,0.6475,0.9924,0.0636,0.2989,0.1351,0,0,0.3488,0,0.0308,0.2821,0.2769,0.2,0.2923,0.1692,0.2513,0.0974,0.2923,0,0,0,0,0.5521,0.3048,0.1977,0.3789,0.2462,0.4655,0.2963,0.3978,0.884,0.7037,64
66,SLC18A2,Training gene,0.3385,0.3281,0.8974,0.1164,0.6134,0.7047,0.4351,0.1333,0.006,0.4974,0.5809,0.2049,0.0153,0.4455,0.0345,0.4459,0.1916,0,0.3101,0.373,0.5385,0.2821,0.2769,0.8821,0.2923,0.7692,0.2513,0.641,0.2923,0.8609,0.5118,0.3882,0.9588,0.5521,0.9358,0.7267,0.8323,0.2462,0.8046,0.291,0.5323,0.2928,0.1587,65
67,ADCYAP1,Training gene,0.3436,0.3281,0.5077,0.5079,0.6134,0.7047,0.1985,0.7667,0,0.4974,0.0956,0.2869,0,0.2909,0.3448,0.4797,0.479,0,0.0543,0.373,0.9692,0.2821,0.2769,0.8821,0.2923,0.1692,0.2513,0.641,0.2923,0.4768,0.0471,0.2118,0.1941,0.1719,0.0267,0.8547,0.9068,0.5385,0.5115,0.7884,0.6344,0.2928,0.7037,66
68,MT-ND5,Training gene,0.3487,0.9375,0.6051,0.3915,0.6134,0.3575,0.4351,0.3778,0.3434,0.4974,0.6765,0.5492,0,0,0.3563,0.5473,0.1916,0.1977,0,0.373,0.0308,0.2821,0.2769,0.2,0.2923,0.7692,0.8923,0.0974,0.2923,0,0,0,0,0,0,0.0058,0.5528,0.2462,0,0.9577,0,0.884,0,67
69,GSTO1,Training gene,0.3538,0.3281,0.2615,0.2593,0.1134,0.2591,0.7328,0.2667,0.3795,0.4974,0.3456,0.4672,0.7099,0,0.5402,0.277,0.1916,0,0,0.373,0.441,0.2821,0.2769,0.2,0.2923,0.1692,0.2513,0.641,0.2923,0.2119,0.7941,0.7471,0.7824,0.5521,0.5775,0.5581,0,0.2462,0.8678,0.3492,0.9355,0.884,0.7037,68
70,CNTF,Training gene,0.359,0.3281,0.3538,0.3757,0.6134,0.3057,0.7328,0,0.3133,0.4974,0,0,0.6718,0,0.8563,0.8041,0.1916,0,0.3876,0.373,0.3795,0.2821,0.2769,0.2,0.2923,0.1692,0.2513,0.0974,0.2923,0,0,0,0,0.9896,0.8021,0,0.0932,0.5077,0,0,0,0.2928,0.7037,69
71,HCRT,Training gene,0.3641,0.3281,0.1846,0.7302,0.6134,0.342,0.4351,0.7667,0.1084,0.4974,0.1103,0,0.855,0.7455,0.8563,0.8041,0.5389,0.4302,0.4031,0.373,0.3744,0.9897,0.2769,0.2,0.2923,0.7692,0.2513,0.641,0.2923,0.7947,0.2588,0.3,0.1471,0.1094,0,0.4244,0.087,0.5795,0.0747,0.0106,0.8226,0,0.7037,70
72,MAP2,Training gene,0.3692,0.3281,0.8462,0.5344,0.1237,0.1554,0,0.7667,0.1506,0.4974,0,0.6066,0,0.7455,0.3966,0.8041,0.7545,0,0,0.373,0.559,0.2821,0.2769,0.2,0.2923,0.1692,0.2513,0.641,0.2923,0.3642,0,0,0,0.0833,0.4813,0.3837,0.0435,0.2462,0.9713,0.8677,0.543,0.2928,0.1587,71
73,KLK6,Training gene,0.3744,0.3281,0.3333,0.5979,0.6134,0.7047,0.1985,0.7667,0.8976,0.4974,0,0,0,0.0636,0.3333,0.1351,0.976,0,0,0.373,0.2154,0.2821,0.2769,0.2,0.2923,0.7692,0.2513,0.641,0.2923,0.4967,0.3118,0.9647,0.5471,0.0469,0.1818,0.0523,0.5776,0.2462,0.9425,0.1958,0.7258,0.2928,0.7037,72
74,MAP2K1,Candidate gene,0.3795,0.3281,0.2256,0.5132,0.6134,0.2383,0.916,0.7667,0.6265,0.4974,0.25,0.3033,0.313,0.3545,0.2471,0.3243,0.6766,0.907,0.6434,0.373,0.2308,0.6513,0.6821,0.4308,0.6154,0.3538,0.5179,0.2513,0.6205,0.4305,0.7588,0.5765,0.8706,0.5521,0.7594,0.1337,0.5963,0.6051,0.5517,0.164,0.0699,0.6685,0.7037,73
75,TBP,Training gene,0.3846,0.7656,0.1026,0.3862,0.6134,0.7047,0.916,0,0.5301,0.9949,0.9044,0.8443,0.2901,0.4,0.5517,0.4595,0.1916,0.0581,0.7442,0.373,0.3436,0.2821,0.2769,0.2,0.2923,0.1692,0.2513,0.0974,0.2923,0.8212,0.2882,0.6471,0.5059,0.5521,0.7059,0.6919,0.913,0.2462,0.3046,0.164,0.0054,0.2928,0.7037,74
76,GCH1,Training gene,0.3897,0.3281,0.0821,0.4339,0.6134,0.3782,0,0.7667,0.1446,0.4974,0.4191,0,0.6794,0,0.6322,0.5878,0.1916,0.6628,0,0.373,0.5692,0.2821,0.2769,0.2,0.2923,0.1692,0.2513,0.641,0.2923,0.4503,0.9647,0.4765,0.2353,0.9531,0.8663,0.5872,0.6398,0.2462,0.069,0.8148,0.6022,0.2928,0.1587,75
77,GPR37,Training gene,0.3949,0.8177,0.8154,0.4921,0.6134,0.057,0.4351,0,0,0.4974,0,0.4098,0.2443,0.3182,0.1264,0.5,0.9222,0,0.5426,0,0.5179,0.2821,0.2769,0.8821,0.2923,0.7692,0.2513,0.641,0.2923,0.3444,0.5882,0.9353,0.1059,0.5521,0.1176,0.0465,0.2733,0.2462,0.3506,0.672,0.1344,0.2928,0.7037,76
78,LMX1B,Training gene,0.4,0.3281,0.6615,0.3968,0.6134,0.7047,0.916,0,0.3675,0.4974,0,0.2869,0,0,0.3966,0,0.4012,0.6279,0.2403,0.9286,0.8103,0.2821,0.2769,0.2,0.2923,0.7692,0.2513,0.641,0.2923,0.2848,0.1059,0.2941,0.2941,0.5521,0.9358,0.7733,0.1118,0.2462,0.1437,0.6931,0.5054,0.2928,0.7037,77
79,CALB1,Training gene,0.4051,0.3281,0.9385,0.4233,0.6134,0.7047,0.916,0,0.0723,0.4974,0,0,0.8244,0,0.8563,0,0.509,0,0.7132,0.373,0.4103,0.2821,0.2769,0.2,0.2923,0.1692,0.2513,0.641,0.2923,0.6093,0.6824,0.7118,0.2765,0.2135,0.2032,0.1163,0.2857,0.2462,0.546,0.9418,0.4194,0.2928,0.1587,78
80,TFAM,Training gene,0.4103,0.7917,0.4564,0.2857,0.6134,0.7047,0.1985,0,0.6566,0.4974,0.9044,0.8443,0.2901,0.7455,0.5632,0.8041,0.1916,0,0.2558,0.373,0.7538,0.2821,0.2769,0.2,0.2923,0.7692,0.2513,0.641,0.2923,0.106,0.2765,0.2588,0.2235,0.5521,0.3797,0.7384,0,0.2462,0.8448,0.582,0.9731,0.2928,0.1587,79
81,SPR,Training gene,0.4154,0.8542,0.1128,0.3228,0.6134,0.7047,0.1985,0.7667,0.4398,0.4974,0.4191,0,0.6794,0,0.6322,0.5878,0.4132,0.6047,0.4496,0.373,0.6256,0.2821,0.2769,0.8821,0.2923,0.1692,0.2513,0.641,0.2923,0.1656,0.3882,0.6588,0.3529,0.5521,0.7059,0.5,0.8261,0.2462,0.1954,0.582,0.8118,0.884,0.7037,80
82,ATXN3,Training gene,0.4205,0.3281,0.1077,0.5185,0.6134,0.7047,0.7328,0,0.241,0.4974,0,0,0.9389,0,0.8563,0,0.1916,0.7791,0.9225,0.373,0.1949,0.2821,0.2769,0.2,0.2923,0.1692,0.2513,0.641,0.2923,0.4371,0.0882,0.3294,0.3824,0.8958,0.2567,0.6977,0.6894,0.2462,0.3851,0.8254,0.8172,0.2928,0.328,81
83,PSPN,Training gene,0.4256,0.3281,0.7179,0.5661,0.0773,0.0984,0.1985,0,0,0.4974,0.7426,0,0,0,0.6034,0.3378,0.8323,0,0.7364,0,0.2667,0.2821,0.2769,0.8821,0.2923,0.7692,0.2513,0.641,0.2923,0,0.7176,0.0294,0.2529,0.5521,0,0.4942,0.0745,0.5538,0.8276,0.7513,0.8495,0,0,82
84,CP,Training gene,0.4308,0.776,0.2462,0.5767,0.6134,0.4041,0.1985,0.7667,0.4277,0.4974,0.7941,0,0.626,0.7455,0.8563,0.8041,0.4431,0.7326,0.4264,0.373,0.2513,0.2821,0.2769,0.2,0.2923,0.7692,0.2513,0.641,0.2923,0.1523,0.3,0.0471,0.8294,0.9531,0.1979,0.8256,0.4472,0.2462,0.1667,0.2116,0.4624,0.884,0.1587,83
85,RAN,Candidate gene,0.4359,0.3281,0.3282,0.455,0.6134,0.7047,0,0.7667,0.6024,0.4974,0.5221,0.6475,0.6565,0.4273,0.6724,0.4662,0.6347,0,0,0,0.7077,0.8359,0.7436,0.5436,0.8718,0.5026,0.6359,0.2,0.8205,0,0.6294,0.1882,0.4471,0.5521,0.1444,0.2733,0.6335,0.759,0.6782,0.3704,0,0.6685,0.7037,84
86,SLC11A2,Training gene,0.441,0.3281,0.6205,0.5238,0.6134,0.3938,0.5802,0,0.4639,0.4974,0.7941,0.5082,0.7939,0.7455,0.8563,0.8041,0.7066,0.4767,0.4419,0.373,0.2513,0.2821,0.2769,0.8821,0.2923,0.7692,0.8923,0.641,0.2923,0.5695,0.1118,0.3412,0.6588,0.5521,0.508,0.3198,0.3292,0.2462,0.7356,0.2328,0.3065,0.5801,0.1587,85
87,NR4A1,Candidate gene,0.4462,0.3281,0.5436,0.5291,0.6134,0.7047,0,0,0.2169,0.4974,0.6103,0.3852,0.5802,0.4091,0.592,0.3784,0.5629,0,0.6744,0,0.1128,0.8513,0.8,0.7385,0.841,0.4359,0.5385,0.0974,0.841,0.8013,0.4471,0.8824,0.8059,0.5521,0.5775,0.6279,0.5217,0.2462,0.5632,0.1217,0.5484,0.2928,0.3704,86
88,NR4A2,Training gene,0.4513,0.3281,0.5231,0.127,0.6134,0.7047,0.7328,0,0.1867,0.4974,0.9044,0.8443,0.2443,0,0.6207,0.8041,0.1916,0.0349,0.3798,0.373,0.8051,0.2821,0.2769,0.2,0.2923,0.7692,0.2513,0.0974,0.2923,0.9073,0.8,0.9294,0.9118,0.9271,0.5775,0.5465,0.9006,0.2462,0.0402,0.2646,0.2581,0.558,0.1587,87
89,IREB2,Training gene,0.4564,0.3281,0.7077,0.4762,0.6134,0.7047,0,0,0.5,0.4974,0,0.5082,0,0.7455,0.8563,0,0.5808,0,0.5271,0.373,0.6615,0.2821,0.2769,0.2,0.2923,0.7692,0.2513,0.641,0.2923,0.5232,0.4,0.6824,0.5235,0.1615,0.2299,0.8779,0.7764,0.2462,0.7471,0.8254,0.7366,0.6685,0.1587,88
90,CYP2D6,Training gene,0.4615,0.6823,0.2923,0.3175,0.6134,0.7047,0.4351,0.0778,0.5361,0.4974,0.3824,0.4836,0.7405,0.7455,0.408,0.3919,0.1916,0.407,0,0.373,0.3846,0.2821,0.2769,0.8821,0.2923,0.7692,0.8923,0.641,0.2923,0.3179,0,0,0,0.9531,0.7594,0,0.4224,0.2462,0.1839,0.2116,0,0,0.7037,89
91,SNAP91,Candidate gene,0.4667,0.9271,0.9744,0.7354,0.6134,0.7047,0.1985,0,0.8976,0.4974,0,0,0,0,0,0,0.7425,0,0,0,0.841,0.7128,0.5897,0.5128,0.6103,0.7692,0.5692,0.641,0.6,0.0132,0.5059,0.0882,0.0235,0.0729,0.1818,0.0872,0.1429,0.7487,0.6954,0.5556,0.2366,0.2928,0.1587,90
92,PENK,Training gene,0.4718,0.3281,0.3692,0.164,0.134,0.1244,0.1985,0,0.0241,0.4974,0.0735,0,0,0.7455,0.8563,0.8041,0.491,0,0.6667,0,0.3128,0.2821,0.9744,0.8821,0.2923,0.7692,0.8923,0.641,0.2923,0.649,0.8176,0.9176,0.6412,0.151,0.1176,0.1919,0.2484,0.2462,0.3218,0.3228,0.7796,0,0.7037,91
93,VPS35,Training gene,0.4769,0.8906,0.0564,0.7037,0.6134,0.2798,0.916,0,0.8976,0.4974,0,0,0,0,0,0,0,0.6163,0.6822,0,0.8359,0.2821,0.2769,0.2,0.2923,0.1692,0.2513,0.0974,0.2923,0,0,0,0,0.5521,0.7219,0.157,0.3975,0.2462,0.9195,0.6402,0.3118,0.2928,0.7037,92
94,NAT2,Training gene,0.4821,0.3281,0.4103,0.3069,0.6134,0.7047,0.5802,0.7667,0.753,0.4974,0.3309,0.4672,0,0.7455,0.477,0.8041,0.1916,0.2326,0.9457,0.373,0.7179,0.2821,0.2769,0.8821,0.2923,0.7692,0.2513,0.641,0.2923,0.6755,0.1765,0.0588,0.1765,0.224,0.2941,0.5174,0.6522,0.2462,0.0862,0.8677,1,0.2928,0.1587,93
95,RPS27A,Training gene,0.4872,0.3281,0.3436,0.7989,0.6134,0.2953,0,0,0.7711,0.4974,0.1985,0.8443,0,0.4818,0.5805,0.8041,0,0,0,0,0.7692,0.2821,0.2769,0.2,0.2923,0.1692,0.2513,0.0974,0.2923,0,0,0,0,0.5521,0.4332,0,0.4907,0.5436,1,0.3704,0.5484,0.2928,0.7037,94
96,FGF8,Training gene,0.4923,0.3281,0.159,0.6032,0.6134,0.285,0.1985,0,0.5482,0.4974,0.7647,0.8443,0.3817,0,0.4368,0.4257,0.9461,0.6512,0.124,0.8333,0.7795,0.2821,0.2769,0.8821,0.2923,0.7692,0.2513,0.641,0.2923,0.5762,0.7118,0.1529,0.6882,0.5521,0,0.6628,0.6273,0.2462,0.5172,0.1958,0.2903,0,0.7037,95
97,STXBP1,Candidate gene,0.4974,0.3281,0.6513,0.7778,0.6134,0.7047,0,0,0.8976,0.4974,0.3088,0.5902,0.8855,0.4455,0.5575,0.4459,0.7844,0.907,0.8295,0.7698,0.359,0.6308,0.6615,0.4205,0.6923,0.7692,0.5128,0.641,0.7436,0.0596,0.5294,0.6882,0.0353,0.1094,0.1337,0.0872,0,0.8154,0.3736,0.164,0.1935,0.6685,0.3704,96
98,PITX3,Training gene,0.5026,0.3281,0.6615,0.2169,0.6134,0.7047,0,0,0.1386,0.4974,0,0,0,0,0,0,0.4192,0.3837,0.1938,0.9921,0.4513,0.2821,0.2769,0.8821,0.2923,0.7692,0.8923,0.641,0.2923,0.5629,0.3647,0.0529,0.2118,0.5521,0,0.4419,0,0.2462,0.2184,0.619,0.3978,0.884,0.3704,97
99,MSX1,Training gene,0.5077,0.3281,0.6359,0.2011,0.6134,0.7047,0,0,0.5542,0.4974,0,0.8443,0,0,0.8563,0,0.1916,0.6744,0.1318,0.8413,0.3436,0.2821,0.2769,0.2,0.2923,0.7692,0.2513,0.0974,0.2923,0.9603,0.6471,0.8941,0.8471,0.5521,0.5241,0.8953,0,0.2462,0.2356,0.2328,0.1075,0.6685,0.328,98
100,UQCRC2,Candidate gene,0.5128,0.9219,0.8051,0.8201,0.6134,0.7047,0.1985,0.7667,0.4578,0.4974,0.6765,0.8443,0.0763,0.7455,0.2701,0.5473,0.7665,0.907,0,0,0.2103,0.6769,0.6256,0.6256,0.6308,0.7692,0.6667,0.641,0.6923,0.2583,0.7,0.2471,0.7588,0.5521,0.5508,0.25,0.2981,0.6872,0.7184,0.4444,0.4409,0.2928,0.1587,99
101,GBA,Training gene,0.5179,0.3281,0.0205,0.2646,0.0928,0,0,0.2889,0,0.4974,0,0,0.6947,0,0.6552,0.8041,0.1916,0.0116,0.1395,0.373,0.9692,0.2821,0.9744,0.8821,0.2923,0.7692,0.2513,0.641,0.2923,0,0,0,0,0.9896,0.6471,0,0,0.2462,0,0,0.9624,0.884,0.7037,100
102,PIK3CB,Candidate gene,0.5231,0.3281,0.8256,0.3122,0.6134,0.7047,0.1985,0,0.8976,0.4974,0.3971,0.5738,0.3588,0.4636,0.6437,0.4392,0.6168,0,0.6977,0.9048,0.0769,0.5949,0.8564,0.7436,0.9128,0.4,0.5231,0.641,0.6154,0.5364,0.1353,0.4059,0.8765,0.5521,0.2727,0.4012,0.4596,0.6615,0.6552,0.6931,0.0269,0.884,0,101
103,DNAJC13,Training gene,0.5282,0,0.9231,0.836,0.6134,0.3316,0,0,0.8976,0.4974,0,0,0,0,0,0,0.8802,0,0,0,0.7436,0.2821,0.2769,0.2,0.2923,0.1692,0.8923,0.641,0.2923,0.3113,0.2412,0.3118,0.2706,0.5521,0.2567,0.8721,0.8075,0.2462,0.5345,0.4444,0.457,0.2928,0.7037,102
104,GFRA1,Training gene,0.5333,0.3281,0.8615,0.1429,0.6134,0.7047,0.1985,0,0.3373,0.4974,0.7426,0.8443,0,0.3364,0.6149,0.3649,0.5868,0,0.6589,0.373,0.0308,0.2821,0.2769,0.2,0.2923,0.7692,0.2513,0.641,0.2923,0.947,0.1588,0.9588,0.8941,0.1927,0.8182,0.9535,0.5031,0.2462,0.5,0.0688,0.5645,0.6685,0.1587,103
105,RUNX2,Candidate gene,0.5385,0.3281,0.6769,0.4392,0.6134,0.7047,0.1985,0,0.4337,0.4974,0.9044,0.6475,0.771,0.7455,0.6782,0.8041,0.4491,0.907,0.5116,0.9524,0.5282,0.6923,0.7026,0.7179,0.6769,0.7692,0.5487,0.641,0.7026,0.7815,0.0412,0.1353,0.2882,0.2083,0.7594,0.6744,0.441,0.8103,0.1092,0.6931,0.2796,0.2928,0.1587,104
106,BCHE,Training gene,0.5436,0.3281,0.1949,0.4656,0.6134,0.3834,0.4351,0.1778,0.4217,0.4974,0.9044,0.8443,0,0.7455,0.8563,0.8041,0.1916,0.5116,0.8837,0.373,0.6359,0.2821,0.2769,0.8821,0.2923,0.7692,0.2513,0.641,0.2923,0.9934,0.3294,0.1059,0.8,0.1979,0.1551,0.8198,0.1304,0.2462,0.0977,0.0688,0.6129,0.884,0.7037,105
107,NTS,Training gene,0.5487,0.6719,0.4154,0.4444,0.6134,0.3264,0.1985,0,0.1024,0.4974,0.1103,0,0,0.7455,0.8563,0.8041,0.521,0,0.4961,0,0.159,0.2821,0.2769,0.8821,0.2923,0.7692,0.2513,0.641,0.2923,0.8742,0.2941,0.4941,0.9824,0.0573,0.7594,0.8953,0.1491,0.5333,0,0.582,0.2419,0.2928,0.7037,106
108,DDX1,Candidate gene,0.5538,0.3281,0.8923,0.6878,0.6134,0.7047,0,0,0,0.4974,0,0.8443,0,0,0.8563,0,0.8623,0,0,0,0.8,0.759,0.5538,0.4205,0.6205,0.3538,0.5077,0.2564,0.7641,0.2384,0.6118,0.4706,0.4765,0.5521,0.3957,0.3314,0.5342,0.841,0.4598,0.5132,0.4785,0.2928,0.1587,107
109,STRAP,Candidate gene,0.559,0.3281,0.7436,0.7672,0.6134,0.7047,0.7328,0,0.8976,0.4974,0.4338,0,0.771,0.7455,0.8563,0.8041,0,0,0.7984,0.8571,0.8308,0.5846,0.7487,0.5641,0.6667,0.5231,0.6359,0.2103,0.6718,0.2517,0.4059,0.7588,0.5647,0.5521,0.3957,0.2442,0.205,0.8256,0.6839,0.5132,0.7634,0.884,0.7037,108
110,HMOX1,Training gene,0.5641,0.3281,0.2718,0.291,0.6134,0.3886,0.5802,0.2444,0.5663,0.4974,0.6176,0.2623,0.4122,0.7455,0.4713,0.8041,0.1916,0.5233,0.4186,0.373,0.2667,0.2821,0.2769,0.2,0.2923,0.1692,0.2513,0.641,0.2923,0.8808,0.6706,0.9529,0.9294,0.5521,0.8289,0.9244,0.7081,0.2462,0.3333,0.8677,0.9462,0.884,0.1587,109
111,NQO2,Training gene,0.5692,0.6875,0.3077,0.3598,0.1031,0.114,0,0.2222,0.3735,0.4974,0,0,0,0,0,0,0.1916,0.2558,0.6512,0.9444,0.8872,0.2821,0.2769,0.2,0.2923,0.1692,0.2513,0.641,0.2923,0.6887,0.8706,0.5353,0.9353,0.5521,0.508,0.3488,0.4037,0.2462,0.6609,0.9312,0.9624,0.884,0.7037,110
112,PPIA,Candidate gene,0.5744,0.6979,0.3436,0.6561,0.6134,0.7047,0,0.7667,0.494,0.4974,0.9044,0.5,0,0.7455,0.6954,0.8041,0.6886,0,0.7287,0.7698,0.6974,0.6256,0.5846,0.4462,0.6974,0.4821,0.7179,0.641,0.6564,0,0.6,0.8588,0.5529,0.5521,0.1016,0.9419,0.4783,0.7436,0,0.7354,0.7849,0.7403,0.7037,111
113,COPS5,Candidate gene,0.5795,0.75,0.4667,0.7619,0.6134,0.7047,0,0,0,0.4974,0,0.8443,0.7939,0.7455,0.8563,0.8041,0,0,0.7209,0,0.5487,0.8974,0.7692,0.6462,0.7692,0.4308,0.6051,0.2308,0.8923,0.1722,0.5176,0.1706,0.3059,0.5521,0.508,0.1628,0.5839,0.8718,0.7529,0.5132,0.043,0.884,0.7037,112
114,PACRG,Training gene,0.5846,0.8281,0.9744,0,0.6134,0.399,0,0,0,0.4974,0,0,0,0,0,0,0.4371,0,0,0,0.7179,0.2821,0.9744,0.8821,0.2923,0.7692,0.8923,0.641,0.2923,0.9139,0.1824,0.0765,0.0824,0.9531,0.0053,0.7849,0.0311,0.2462,0.7126,0.7619,0.9409,0.884,0.7037,113
115,PPP2CA,Candidate gene,0.5897,0.3281,0.3795,0.6138,0.6134,0.7047,0,0.2667,0.4699,0.4974,0.1765,0.5246,0.3511,0.4909,0.2069,0.8041,0.7665,0,0.8217,0.9206,0.1026,0.7744,0.8103,0.6615,0.8359,0.3897,0.6103,0.641,0.7692,0.053,0.3471,0.2294,0.6294,0.5521,0.3957,0.1105,1,0.7128,0.8563,0.5556,0.0914,0.2928,0.1587,114
116,PSMC5,Candidate gene,0.5949,0.3281,0.5692,0.6931,0.6134,0.7047,0.916,0,0.8976,0.4974,0.2279,0.8443,0.8092,0.7455,0.4943,0.8041,0,0,0,0,0.4923,0.7077,0.6667,0.7538,0.759,0.4718,0.6513,0.2667,0.6974,0.6556,0.7882,0.7941,0.5588,0.5521,0.5455,0.1802,0.2422,0.7385,0.1897,0.164,0.2312,0.884,0.7037,115
117,SDHA,Candidate gene,0.6,0.8021,0.5538,0.5714,0.6134,0.7047,0.1985,0.7667,0.7771,0.4974,0.6765,0.8443,0.1069,0,0.3046,0.5473,0.9581,0.3605,0,0.373,0.5538,0.7538,0.5795,0.4359,0.6718,0.3385,0.8923,0.0974,0.7949,0,0,0,0,0.5521,0.6631,0,0.2919,0.6769,0.2241,0.164,0.5108,0.7293,0.7037,116
118,HLTF,Candidate gene,0.6051,0.8438,0.5846,0.8148,0.6134,0.7047,0.7328,0,0,0.4974,0,0,0,0,0,0,0,0,0,0,0.9026,0.6154,0.6513,0.6256,0.7795,0.7692,0.5692,0.641,0.6769,0.5033,0.7529,0.3588,0.5941,0.5521,0.4064,0.8547,0.2174,0.7026,0.6207,0.4444,0.3387,0.6685,0.7037,117
119,DLD,Candidate gene,0.6103,0.3281,0.1641,0.8307,0.6134,0.7047,0.7328,0.2333,0.4458,0.4974,0.5221,0.8443,0.5954,0,0.8563,0.8041,0.6527,0.3372,0.9535,0.754,0.5077,0.8051,0.6051,0.4718,0.8154,0.7692,0.8923,0.641,0.8462,0.3311,0.6588,0.3765,0.7,0.5521,0.4813,0.6395,0.9379,0.6667,0.0115,0.5132,0.6344,0.2928,0.7037,118
120,ANXA7,Candidate gene,0.6154,0.3281,0.7949,0.7513,0.6134,0.7047,0.0153,0,0.7892,0.4974,0,0,0,0,0,0,0,0,0.5504,0.8095,0.6308,0.8872,0.8308,0.7179,0.8974,0.4513,0.6154,0.641,0.9231,0.8411,0.4765,0.2412,0.7882,0.5521,0.0802,0.5814,0,0.8051,0.6724,0.619,0.8065,0.884,0.7037,119
121,RTN4,Candidate gene,0.6205,0.3281,0.4821,0.5397,0.6134,0.7047,0.0382,0,0.8976,0.4974,0.2794,0.6803,0,0,0.4655,0.2297,0.5449,0,0.7752,0.373,0.7846,0.9744,0.9231,0.6667,0.9385,0.4821,0.6923,0.641,0.9795,0.1854,0.4588,0.4294,0.6706,0.5521,0.2941,0.0233,0.5155,0.7846,0.569,0.5556,0.414,0.2928,0.1587,120
122,NRTN,Training gene,0.6256,0.3281,0.6256,0.545,0.0773,0.0984,0.1985,0,0.0964,0.4974,0.7426,0,0,0,0.6034,0.3378,0.8323,0,0.6202,0.9127,0.1026,0.2821,0.2769,0.8821,0.2923,0.7692,0.2513,0.641,0.2923,0.2781,0.7765,0.8353,0.9882,0.5521,0,0.4477,0.2795,0.5179,0.3678,0.6614,0.8333,0.884,0.7037,121
123,VDR,Candidate gene,0.6308,0.3281,0.241,0.1693,0.6134,0.7047,0.7328,0.7667,0.5422,0.4974,0.9044,0.8443,0.4809,0.3727,0.7011,0.5135,0.1916,0.907,0.1085,0.373,0.4769,0.7846,0.7897,0.6923,0.7077,0.7692,0.5436,0.2051,0.7231,0.8344,0.2176,0.7765,0.8529,0.5521,0.5775,0.5407,0.9627,0.6,0.1552,0.1217,0.5806,0.2928,0.7037,122
124,PSMD12,Candidate gene,0.6359,0.3281,0.7949,0,0.6134,0.7047,0.916,0,0.8976,0.4974,0.2279,0.8443,0.9618,0.7455,0.4943,0.8041,0,0,0,0,0.4923,0.6103,0.6564,0.5949,0.7179,0.4205,0.6667,0.2667,0.6359,0.3377,0.0353,0.3824,0.4706,0.5521,0.6845,0.407,0.7888,0.7231,0,0.5132,0.0484,0.2928,0.7037,123
125,EIF4EBP1,Candidate gene,0.641,0.3281,0.4923,0.5503,0.6134,0.7047,0.1985,0,0.6807,0.4974,0.4338,0.4918,0.5038,0.7455,0.5345,0.8041,0.5689,0,0.7829,0,0.0667,0.6462,0.6923,0.6872,0.641,0.4205,0.5282,0.641,0.6256,0.543,0.9294,0.7176,0.3118,0.5521,0.7594,0.5988,0.7453,0.9487,0,0.9418,0.2688,0.884,0.7037,124
126,RNF19A,Training gene,0.6462,0.9323,0.8462,0.6455,0.2113,0.2021,0.5802,0,0.8976,0.4974,0,0,0,0,0.4943,0,0.9701,0,0,0,0.1282,0.2821,0.2769,0.2,0.2923,0.1692,0.2513,0.641,0.2923,0,0.7294,0.9824,0.8412,0.5521,0.4225,0.6337,0.6211,0.2462,0.8506,0.8095,0.5699,0.2928,0.1587,125
127,ADSS,Candidate gene,0.6513,0.7135,0.5692,0.8519,0.6134,0.7047,0,0.7667,0.7289,0.4974,0.5221,0.8443,0.5649,0.7455,0.8563,0.8041,0.6407,0,0,0.9841,0.6154,0.8154,0.559,0.4205,0.5949,0.7692,0.8923,0.641,0.7795,0.7682,0.1,0.1824,0.3294,0.5521,0.0695,0,0,0.8154,0.6494,0.6402,0.2043,0.2928,0.1587,126
128,ALDH1A1,Training gene,0.6564,0.3281,0.6974,0.5556,0.6134,0.7047,0,0.4889,0.488,0.4974,0.3824,0.4262,0.7176,0.7455,0.454,0.8041,0.4072,0,0.938,0.881,0.6205,0.2821,0.2769,0.2,0.2923,0.1692,0.2513,0.641,0.2923,0.7351,0.8941,0.0824,0.7941,0.9323,0.6471,0.9826,0.1242,0.2462,0.4195,0.619,0.4301,0.2928,0.7037,127
129,PDHA1,Candidate gene,0.6615,0.875,0.1538,0.8677,0.6134,0.7047,0.1985,0.3778,0.5602,0.4974,0.5221,0.8443,0.6031,0,0.8563,0.8041,0,0.907,0.5891,0.373,0.8103,0.8718,0.641,0.5538,0.7846,0.7692,0.7795,0.641,0.8513,0.8477,0.2,0.4471,0.9529,0.5521,0.6631,0.4302,0.6957,0.7949,0.3966,0.5132,0.5269,0.2928,0.1587,128
130,UQCRFS1,Candidate gene,0.6667,0.7552,0.6718,0.6614,0.6134,0.7047,0.1985,0.7667,0.506,0.4974,0.6765,0.8443,0.0763,0,0.2701,0.5473,0.6707,0,0.3178,0,0.2051,0.959,0.7282,0.5949,0.8256,0.7692,0.5692,0.641,0.9641,0,0,0,0,0.5521,0.0909,0,0.4286,0.8872,0.8908,0.0317,0.2473,0.2928,0.1587,129
131,ICK,Candidate gene,0.6718,0.7292,0.6872,0.9577,0.6134,0.2383,0,0,0.8976,0.4974,0,0,0,0,0,0,0,0.907,0,0.8254,0.7538,0.5692,0.6359,0.559,0.7385,0.7692,0.5692,0.641,0.5846,0.7219,0.7412,0.6765,0.8588,0.5521,0.7059,0,0.5652,0.5949,0.6667,0.0317,0.6882,0.2928,0.7037,130
132,MDH1,Candidate gene,0.6769,0.9115,0.641,0.6508,0.6134,0.7047,0.7328,0.4333,0.3855,0.4974,0.5221,0.8443,0.7405,0.7455,0.8563,0.8041,0,0,0.8837,0,0.5333,0.5897,0.7026,0.4872,0.7641,0.4205,0.8923,0.641,0.6103,0.1589,0.4941,0.9059,0.4235,0.5521,0.3155,0.064,0.4845,0.9487,0.092,0.6402,0.7742,0.884,0.7037,131
133,CUL3,Candidate gene,0.6821,0.3281,0.1744,0.6243,0.6134,0.7047,0.7328,0,0.8976,0.4974,0.9044,0,0.9313,0.4727,0.8563,0.6014,0.982,0.907,0.8992,0,0.6564,0.9436,0.8154,0.6564,0.8821,0.7692,0.6974,0.241,0.9487,0.298,0.8588,0.6,0.7706,0.5521,0.8449,0.4826,0.3727,0.6154,0.523,0.0053,0.6667,0.2928,0.1587,132
134,IARS2,Candidate gene,0.6872,0.8646,0.8718,0.7249,0.6134,0.7047,0.1985,0.7667,0.8976,0.4974,0.9044,0,0.5649,0.7455,0.8563,0.8041,0.8922,0,0,0,0.6923,0.9179,0.5692,0.4564,0.5846,0.3795,0.8923,0.641,0.9538,0.2185,0.9059,0.5,0.1882,0.5521,0.3636,0.7151,0.472,0.6974,0.0287,0.4444,0.3602,0.6685,0.7037,133
135,CHM,Training gene,0.6923,0.6615,0.6615,0.6296,0.6134,0.7047,0,0.7667,0.6145,0.4974,0,0,0,0,0,0,0.8024,0.5581,0.6047,0.373,0.7949,0.2821,0.2769,0.2,0.2923,0.7692,0.2513,0.641,0.2923,0.9272,0.4706,0.9706,0.9176,0.5521,0.8556,0.5698,0.1677,0.2462,0,0.582,0.8817,0.2928,0.1587,134
136,UQCRC1,Candidate gene,0.6974,0.724,0.8051,0.6825,0.6134,0.7047,0.1985,0.7667,0.4759,0.4974,0.6765,0.8443,0.0763,0.7455,0.2701,0.5473,0,0,0,0,0.4051,0.7641,0.7333,0.6821,0.6564,0.3795,0.5692,0.641,0.8051,0.6424,0.9882,0.9235,0.7529,0.5521,0.8289,0.3779,0.8012,0.8462,0.5747,0.4444,0.7473,0.884,0.7037,135
137,VAV1,Candidate gene,0.7026,0.3281,0.5436,0.672,0.6134,0.7047,0.7328,0,0.6928,0.4974,0.3162,0.4508,0.8244,0.7455,0.6494,0.8041,0.988,0,0.7674,0.7937,0.3231,0.7333,0.7538,0.5128,0.7333,0.4103,0.6,0.2256,0.7282,0.4106,0.3235,1,0.0765,0.5521,0.8396,0.6512,0.4161,0.9487,0.7701,0.1217,0.1452,0.2928,0.7037,136
138,NUDT1,Training gene,0.7077,0.7865,0.4615,0.418,0.6134,0.7047,0.1985,0,0.7289,0.4974,0.5221,0,0,0,0.8563,0,0.1916,0,0.5581,0,0.8256,0.2821,0.2769,0.2,0.2923,0.7692,0.8923,0.641,0.2923,0.1788,0.9824,0.7647,0.1824,0.5521,0.7594,0.9826,0.7205,0.5231,0.7644,0.582,0.4462,0.7403,0.7037,137
139,UBE2V2,Candidate gene,0.7128,0.3281,0.4462,0.9259,0.6134,0.7047,0,0,0,0.4974,0.9044,0,0,0,0.8563,0,0.7964,0,0,0,0.6769,0.7897,0.759,0.5795,0.7897,0.7692,0.7641,0.2154,0.8718,0.1457,0.4353,0.4588,0.2824,0.5521,0.4813,0.8372,0.1801,0.6256,0.9023,0.9206,0.5,0.2928,0.7037,138
140,PGK1,Candidate gene,0.7179,0.9531,0.2,0.7566,0.6134,0.7047,0,0.7667,0.5904,0.4974,0.5221,0.8443,0.6489,0.7455,0.8563,0.8041,0.7784,0.907,0,0.8016,0.4769,0.6718,0.6205,0.5487,0.7487,0.3641,0.5333,0.641,0.6667,0.6026,0.9353,0.4824,0.3471,0.5521,0.4332,0.5058,0,0.9487,0.2701,0.2646,0.1398,0.2928,0.7037,139
141,SUCLA2,Candidate gene,0.7231,0.9063,0.6923,0.8413,0.6134,0.7047,0.1985,0.7667,0.8976,0.4974,0.5221,0.8443,0.7405,0.7455,0.8563,0.8041,0.9162,0.907,0,0.373,0.7026,0.9692,0.6103,0.6256,0.9077,0.7692,0.8923,0.641,0.9846,0.2318,0.1529,0.1412,0.4118,0.5521,0.0267,0.2965,0,0.6923,0.3391,0.0317,0.1828,0.2928,0.1587,140
142,GABARAPL2,Candidate gene,0.7282,0.7344,0.8308,0.582,0.6134,0.7047,0,0,0.8976,0.4974,0,0.8443,0.8626,0,0.8563,0.8041,0.9461,0,0,0,0.3231,0.7487,0.7795,0.6974,0.8667,0.4821,0.7436,0.641,0.7538,0.1126,0.6647,0.6059,0.6176,0.5521,0.0535,0.1395,0.5404,0.9487,0.7874,0.6825,0.4892,0.2928,0.7037,141
143,TERF2IP,Candidate gene,0.7333,0.3281,0.5333,0.6349,0.6134,0.7047,0.916,0,0.6205,0.4974,0.9044,0.3197,0,0.7455,0.5287,0.8041,0.7605,0,0.8682,0,0.8462,0.9077,0.841,0.5333,0.9692,0.7692,0.8923,0.641,0.9385,0.0795,0.4118,0.5529,0.6118,0.5521,0.1016,0.0291,0.0994,0.6308,0.6379,0.8677,0.2527,0.2928,0.7037,142
144,PDHB,Candidate gene,0.7385,0.8802,0.1333,0.7831,0.6134,0.7047,0.7328,0.3778,0.6747,0.4974,0.5221,0.8443,0.6031,0,0.8563,0.8041,0,0.907,0,0.373,0.7282,0.7282,0.6,0.4872,0.8923,0.441,0.8923,0.641,0.7487,0.7881,0.7471,0.5059,0.7412,0.5521,0.6898,0.2093,0.9814,0.8923,0.1379,0.5132,0.4247,0.2928,0.7037,143
145,YARS,Candidate gene,0.7436,0.7031,0.2,0.9524,0.6134,0.7047,0,0.7667,0.8976,0.4974,0.9044,0,0,0.7455,0.8563,0.8041,0,0.907,0,0.7619,0.8615,0.6205,0.6718,0.4103,0.6769,0.7692,0.8923,0.641,0.7128,0.6225,0.7059,0.9,0.6647,0.5521,0.2834,0.2326,0,0.6821,0.6897,0.5132,0.7581,0.6685,0.7037,144
146,ACLY,Candidate gene,0.7487,0.8073,0.4,0.709,0.6134,0.7047,0,0,0.8976,0.4974,0.5221,0.8443,0.7405,0.7455,0.8563,0.8041,0.7126,0,0.7519,0.9603,0.5436,0.5744,0.5744,0.4769,0.641,0.7692,0.6256,0.641,0.5897,0.4834,1,0.4412,0.2471,0.5521,0.2299,0.436,0.6708,0.6513,0.4483,0.5132,0.2151,0.2928,0.7037,145
147,ARTN,Training gene,0.7538,0.3281,0.359,0.6984,0.0773,0.0984,0.1985,0,0.5723,0.4974,0.7426,0,0,0,0.6034,0.3378,0.8323,0,0.8605,0.8175,0.2308,0.2821,0.2769,0.8821,0.2923,0.7692,0.2513,0.641,0.2923,0.6954,0.1706,0.9765,0.9235,0.1094,0.9358,0.4709,0,0.4974,0.477,0.582,0.9946,0.2928,0.7037,146
148,NDUFA8,Candidate gene,0.759,0.9479,0.7385,0.746,0.6134,0.7047,0,0.3778,0.6988,0.4974,0.6765,0.5492,0.0763,0,0.2701,0.5473,0.8563,0,0,0,0.2,0.7128,0.7744,0.4564,0.7949,0.7692,0.8923,0.0974,0.7128,0,0.5824,0.5235,0.3588,0.5521,0.508,0.2035,0,0.8667,0.9885,0.7037,0.4355,0.7403,0.1587,147
149,LRRK1,Training gene,0.7641,0.7813,0.8667,0.6667,0.1546,0.1917,0,0,0,0.4974,0,0,0,0,0,0,0.4611,0,0.9845,0,0.8564,0.2821,0.2769,0.2,0.2923,0.7692,0.8923,0.641,0.2923,0,0.2353,0.8118,0.9,0.5521,0.5294,0.7849,0.7143,0.2462,0.454,0.9683,0.8656,0.2928,0.1587,148
150,TRIM37,Candidate gene,0.7692,0.8698,0.3949,0.8466,0.6134,0.7047,0.916,0,0.6627,0.4974,0.9044,0,0.9618,0,0.8563,0,0,0.907,0,0.8968,0.7128,0.8564,0.9385,0.7436,0.9231,0.7692,0.7385,0.641,0.8256,0.0199,0.5529,0.8294,0.4882,0.5521,0.6043,0.0988,0.7578,0.6359,0.408,0.4444,0.5591,0.6685,0.7037,149
151,NNMT,Training gene,0.7744,0.3281,0.4667,0.4603,0.6134,0.7047,0,0.7667,0.8976,0.4974,0.3603,0.4344,0.542,0.3909,0.5747,0.473,0.485,0.3023,0,0.873,0.8974,0.2821,0.9744,0.2,0.2923,0.7692,0.8923,0.641,0.2923,0.4238,0.8824,0.4118,0.4941,0.9531,0.7968,0.6221,0.8882,0.2462,0.6149,0.7778,0.3172,0.884,0.7037,150
152,TXNL1,Candidate gene,0.7795,0.8333,0.4769,0.6772,0.6134,0.7047,0,0,0.8976,0.4974,0,0,0,0,0,0,0,0,0,0,0.8718,0.8103,0.7641,0.8821,0.7282,0.7692,0.5692,0.641,0.8103,0.4901,0.8471,0.6176,0.6,0.5521,0.3316,0.7965,0.354,0.9487,0.7241,0.8254,0.3763,0.5801,0.7037,151
153,VPS13C,Training gene,0.7846,0,0.7333,0.8783,0.6134,0.7047,0.916,0,0,0.4974,0,0,0,0,0,0,0.6946,0,0,0,0.9333,0.2821,0.2769,0.8821,0.2923,0.7692,0.8923,0.641,0.2923,0,0.1647,0.9471,0.2412,0.5521,0.8021,0.3663,0.795,0.2462,0.8103,0.6561,0.7043,0.2928,0.1587,152
154,NDUFA5,Candidate gene,0.7897,0.9375,0.9179,0.328,0.6134,0.7047,0.7328,0.3778,0.3614,0.4974,0.6765,0.5492,0.0763,0,0.2701,0.5473,0.8084,0,0,0.8492,0.1179,0.6974,0.7179,0.441,0.959,0.7692,0.6974,0.0974,0.641,0.2649,0.3706,0.5706,0.6353,0.5521,0.3797,0.0407,0.1553,0.7795,0.7586,1,0.9516,0.2928,0.3704,153
155,RAB11A,Candidate gene,0.7949,0.3281,0.4923,0.6085,0.6134,0.7047,0,0.7667,0.6446,0.4974,0.9044,0,0.8702,0.7455,0.8563,0.8041,0,0,0,0,0.9077,0.8256,0.8359,0.5128,0.8564,0.7692,0.7128,0.641,0.8872,0.3974,0.7353,0.2,0.3235,0.5521,0.4813,0.7035,0.3354,0.8564,0.7414,0.9841,0.371,0.6685,0.7037,154
156,EPS15,Candidate gene,0.8,0.6771,0.5333,0.7725,0.6134,0.7047,0.0153,0,0.8976,0.4974,0.625,0.5902,0.8779,0.7455,0.8563,0.8041,0.994,0,1,0,0.6513,0.7949,0.7333,0.6051,0.7179,0.5077,0.6462,0.1949,0.7897,0.2053,0.4882,0.2882,0.4176,0.5521,0.0695,0.1744,0,0.641,0.8966,0.9259,0.2849,0.6685,0.1587,155
157,ATP6V1E1,Candidate gene,0.8051,0.3281,0.759,0.9048,0.6134,0.7047,0.916,0,0.7289,0.4974,0.5956,0,0.4351,0,0.8563,0.8041,0.8144,0,0,0,0.8821,0.9487,0.6308,0.6256,0.7538,0.5231,0.7487,0.641,0.9436,0.1192,0.6882,0.7882,0.7235,0.5521,0.7273,0.1453,0.4348,0.9487,0.7069,0.7196,0.7419,0.6685,0.7037,156
158,ATP6V1B2,Candidate gene,0.8103,0.3281,0.9744,0.8254,0.6134,0.7047,0.7328,0.7667,0.7289,0.4974,0.5956,0,0.4351,0,0.8563,0.8041,0.6228,0,0,0,0.8205,0.841,0.7128,0.5128,0.9846,0.7692,0.8923,0.641,0.8564,0.0464,0.5235,0.5588,0.7471,0.5521,0.6471,0.2151,0.7267,0.6205,0.2126,0.5132,0.1022,0.884,0.3704,157
159,PSMC6,Candidate gene,0.8154,0.3281,0.7744,0.9894,0.6134,0.7047,0.916,0,0.8976,0.4974,0.2279,0.8443,0.9618,0.7455,0.4943,0.8041,0,0,0,0,0.4718,0.6051,0.6154,0.641,0.7385,0.441,0.7641,0.2667,0.6308,0,0,0,0,0.5521,0.615,0,0,0.9487,0.3161,0.2646,0.0161,0.2928,0.7037,158
160,XRCC2,Candidate gene,0.8205,0.3281,0.8821,0.2116,0.6134,0.7047,0,0,0.8976,0.4974,0,0,0.916,0,0.8563,0,0.503,0,0.5349,0.881,0.9231,0.9179,0.9333,0.8821,0.9436,0.7692,0.8923,0.641,0.8308,0.8675,0.0588,0.8882,0.9412,0.5521,0.9358,0.4593,0.4099,0.9487,0,0.8677,0.6237,0.2928,0.3704,159
161,PSMA7,Candidate gene,0.8256,0.3281,0.7744,0.8624,0.6134,0.7047,0.916,0.7667,0.8976,0.4974,0.2279,0.8443,0.9618,0.7455,0.8563,0.8041,0,0,0,0,0.4256,0.8,0.6872,0.5385,0.8205,0.4564,0.6667,0.2821,0.7744,0.5298,0.9529,0.5412,0.1647,0.5521,0.2299,0.5349,0,0.7179,0.5402,0.9101,0.0753,0.884,0.7037,160
162,PLA2G2A,Candidate gene,0.8308,0.7448,0.4256,0.381,0.6134,0.7047,0.4351,0.7667,0.8976,0.4974,0.5221,0.6721,0.3664,0.7455,0.6839,0.4054,0.4731,0.907,0,0.373,0.5949,0.6872,0.7846,0.5128,0.7949,0.4,0.7744,0.641,0.7538,1,0.9,0.7412,0.8824,0.5521,0.9358,0.7616,0,0.8821,0,0.1958,0.6183,0,0.7037,161
163,BCAS2,Candidate gene,0.8359,0.974,0.7949,0.8836,0.6134,0.7047,0.916,0,0,0.4974,0,0,0.916,0,0.8563,0,0,0,0,0,0.8667,0.8205,0.6769,0.4974,0.6564,0.4923,0.6256,0.2205,0.8154,0.2252,0.3529,0.8706,0.7765,0.5521,0.0267,0.3605,0,0.9487,0.9253,0.7196,0.7903,0.2928,0.1587,162
164,ATP6V1H,Candidate gene,0.841,0.3281,0.9744,0.9365,0.6134,0.7047,0,0,0.7289,0.4974,0.5956,0,0.4504,0.7455,0.8563,0.8041,0,0,0,0,0.8718,0.9282,0.8564,0.5949,0.8769,0.7692,0.8923,0.641,0.959,0.0397,0.6059,0.6294,0.4824,0.1615,0.4652,0.0698,0.3602,0.7077,0.5862,0.5132,0.8763,0.2928,0.7037,163
165,COX5A,Candidate gene,0.8462,0.8854,0.6821,0.9206,0.6134,0.7047,0.1985,0.5222,0.4518,0.4974,0.6765,0.8443,0.0763,0.7455,0.2701,0.5473,1,0,0,0,0.6821,0.7385,0.8051,0.6513,0.9333,0.7692,0.8923,0.641,0.7128,0.8079,0.9176,0.8,0.8353,0.5521,0.4599,0.5291,0.8137,0.7744,0.8793,0.7937,0.8925,0.2928,0.7037,164
166,RAB1A,Candidate gene,0.8513,0.7604,0.4923,0.8571,0.6134,0.7047,0.7328,0,0.6446,0.4974,0.9044,0,0,0.7455,0.7069,0.8041,0,0,0,0,0.6103,0.8718,0.7949,0.6103,0.9026,0.5333,0.7231,0.641,0.8974,0.457,0.8059,0.3059,0.5353,0.8854,0.3316,0.3953,0.9441,0.7282,0.8218,0.9841,0.2258,0.5801,0.1587,165
167,PRDM4,Candidate gene,0.8564,0.6927,0.5231,0.8889,0.6134,0.7047,0.7328,0,0.8976,0.4974,0.2794,0,0.5496,0.1727,0.431,0.223,0.9042,0,0,0,0.3538,0.7795,0.9487,0.8821,0.6872,0.7692,0.5692,0.641,0.7795,0,0.0294,0.4235,0.9941,0.5521,0.7594,0.343,0.9876,0.6564,0.4943,0.8254,0.629,0.2928,0.1587,166
168,FGF20,Training gene,0.8615,0.3281,0.3641,0.1799,0.6134,0.285,0,0,0.7108,0.4974,0.7647,0.8443,0.3817,0,0.4138,0.4257,0.497,0,0.9302,0,0.7641,0.9897,0.9744,0.8821,0.2923,0.7692,0.8923,0.641,0.2923,0,0.6235,0.2235,0.8882,0.2188,0.9358,0.7791,0.7019,0.5026,0.5977,0.3492,0.1559,0.2928,0.7037,167
169,FOSL1,Candidate gene,0.8667,0.3281,0.9744,0.4868,0.6134,0.7047,0.916,0,0.7651,0.4974,0,0.623,0.8473,0.7455,0.6207,0.8041,0.9641,0,0.8527,0.373,0.3949,0.6615,0.8923,0.5795,0.8308,0.7692,0.6667,0.641,0.6615,0,0,0,0,0.5521,0.9358,0.7616,0.8944,0.8513,0.6264,0.1217,0.5753,0.2928,0.7037,168
170,ACLY,Candidate gene,0.8718,0.8073,0.4,0.709,0.6134,0.7047,0,0,0,0.4974,0,0.8443,0.7405,0.7455,0.8563,0.8041,0.7126,0,0.7519,0.9603,0.9692,0.5744,0.9744,0.8821,0.641,0.7692,0.6256,0.641,0.5897,0,0,0,0,0.5521,0.2299,0,0,0.6718,0,0,0.2151,0.2928,0.7037,169
171,SRPRB,Candidate gene,0.8769,0.3281,0.8821,0.963,0.6134,0.7047,0.5802,0,0,0.4974,0.9044,0.6803,0,0.7455,0.8563,0.8041,0.9341,0,0,0,0.9692,0.8718,0.6462,0.5692,0.7026,0.7692,0.8923,0.641,0.8974,0,0.3824,0.7235,0.5882,0.5521,0.8556,0.9244,0,0.7538,0.7931,0.1217,0.8226,0.2928,0.1587,170
172,BMP8B,Candidate gene,0.8821,0.8594,0.7128,0.6402,0.0773,0.0984,0.1985,0,0,0.4974,0,0,0.8244,0,0.4483,0.8041,0.7305,0,0.969,0,0.9692,0.8718,0.8974,0.4564,0.9641,0.7692,0.8923,0.641,0.9949,0,0.1235,0.7529,0.5706,0.5521,0.7594,0.9244,0,0.7641,0.8391,0.0688,0.3602,0.2928,0.1587,171
173,SFXN1,Candidate gene,0.8872,0.7396,0.7231,0.7884,0.6134,0.7047,0.5802,0,0,0.4974,0,0.8443,0,0,0.8563,0,0.8862,0,0,0,0.9692,0.9385,0.5949,0.4872,0.6,0.3795,0.8923,0.641,0.9692,0,0.2706,0.7706,0.7118,0.5521,0.7594,0.7616,0.8447,0.7333,0.908,0.3915,0.6613,0.6685,0.7037,172
174,PSMD6,Candidate gene,0.8923,0.3281,0.9744,0.9841,0.6134,0.7047,0.916,0,0.8976,0.4974,0.2279,0.8443,0.9618,0.7455,0.4943,0.8041,0.7365,0,0,0,0.4615,0.641,0.7231,0.7026,0.7128,0.4,0.6667,0.2667,0.6513,0.6291,0.8118,0.8176,0.5294,0.5521,0.0695,0.9535,0.528,0.9487,0.8621,0.5132,0.0376,0.884,0.7037,173
175,SUMO1,Candidate gene,0.8974,0.3281,0.4205,0.619,0.6134,0.7047,0,0,0.6024,0.4974,0.9044,0.6475,0.9008,0.3182,0.6897,0.5,0.9281,0.907,0.9612,0.9762,0.5641,0.9128,0.8256,0.7077,0.8872,0.4974,0.5949,0.241,0.9128,0,0.5471,0.4353,0.9471,0.2031,0.4118,0.8953,0,0.6103,0.8851,0.7354,0,0.2928,0.7037,174
176,UBE2K,Candidate gene,0.9026,0.9635,0.3436,0.9101,0.6134,0.7047,0,0,0.7892,0.4974,0.9044,0,0.9618,0,0.8563,0,0,0,0.845,0,0.441,0.8923,0.9077,0.759,0.9179,0.3641,0.5026,0.641,0.9282,0.6623,0.4647,0.1471,0.1176,0.5521,0.6364,0.593,0.9689,0.7846,0.9598,0.4021,0.1667,0.7569,0.7037,175
177,RRAS,Candidate gene,0.9077,0.3281,0.4308,0.7196,0.6134,0.7047,0,0,0.8976,0.4974,0.7206,0.6066,0.5802,0.7455,0.5862,0.4054,0.8743,0,0.876,0,0.5026,0.6974,0.8821,0.5128,0.8513,0.3436,0.6872,0.641,0.8359,0.5894,0.9412,0.8059,0.7176,0.5521,0.8182,0.9826,0.9565,0.9487,0.7989,0.7778,0.7688,0.884,0.7037,176
178,NPTN,Candidate gene,0.9128,0.3281,0.7538,0.8095,0.6134,0.7047,0.4351,0,0,0.4974,0,0,0,0,0,0,0.7246,0,0,0,0.9282,0.9538,0.8564,0.8821,0.9795,0.7692,0.8923,0.641,0.9744,0.0927,0.5353,0.2824,0.4294,0.5521,0.2299,0.1221,0.2609,0.9487,0.4368,0.6772,0.6559,0.2928,0.1587,177
179,PTBP2,Candidate gene,0.9179,0.8958,0.4308,0.8042,0.6134,0.7047,0,0,0,0.4974,0,0.8443,0,0,0.8563,0.8041,0.6108,0,0.7907,0,0.9692,0.959,0.9282,0.8821,0.9282,0.4667,0.8923,0.641,0.8718,0,0.2824,0.2353,0.5824,0.5521,0.1818,0.2209,0.0683,0.8615,0.9828,0.8942,0.129,0.6685,0.1587,178
180,GSTO2,Training gene,0.9231,0.7969,0.3026,0,0.1134,0.2591,0.7328,0.7667,0.3916,0.4974,0.3456,0.4672,0.6183,0,0.5402,0.277,0.1916,0,0,0.373,0.441,0.2821,0.9744,0.8821,0.2923,0.7692,0.8923,0.641,0.2923,0,0,0,0,0.5521,0.9358,0.8314,0.9938,0.2462,0.8333,0.7778,0.9839,0.884,0.7037,179
181,NME1,Candidate gene,0.9282,0.3281,0.3179,1,0.6134,0.7047,0.1985,0.7667,0.6325,0.4974,0.5221,0.8443,0.6336,0.2818,0.6667,0.8041,0.7485,0.907,0.5736,0.7857,0.5692,0.7692,0.6974,0.6718,0.8051,0.7692,0.759,0.641,0.9179,0.3907,0,0,0,0.9896,0.2299,0,0.7516,0.9487,0,0,0,0.2928,0.7037,180
182,MRPL15,Candidate gene,0.9333,0.9688,0.9128,0.7884,0.6134,0.7047,0.7328,0,0,0.4974,0,0,0,0,0.8563,0,0.8982,0,0,0,0.8513,0.8308,0.8564,0.6256,0.9897,0.7692,0.8923,0.641,0.8615,0,0.1471,0.4882,0.4353,0.5521,0.1176,0.8081,0.8509,0.8769,0.2816,0.5132,0.5108,0.2928,0.7037,181
183,RTCA,Candidate gene,0.9385,0.9844,0.7846,0.9683,0.6134,0.7047,0,0,0.8976,0.4974,0,0,0,0,0,0,0,0,0,0,0.7897,0.7385,0.8872,0.7282,0.8615,0.7692,0.8923,0.641,0.8,0.4636,0.8882,0.3235,0.1529,0,0.4813,0,0.8758,0.8359,0.1264,0.4444,0,0,0.7037,182
184,IARS,Candidate gene,0.9436,0.8385,0.7282,0.8889,0.6134,0.7047,0,0.7667,0.3976,0.4974,0.9044,0,0.5649,0.7455,0.8563,0.8041,0.7904,0,0,0,0.6872,0.6667,0.5641,0.4051,0.6256,0.3487,0.7282,0.641,0.6821,0.2715,0.9941,0.9412,0.3647,0.5521,0.615,0.9826,0,0.7692,0,0.2328,0.1613,0.884,0.7037,183
185,PYCARD,Candidate gene,0.9487,0.3281,0.5795,0.5926,0.6134,0.7047,0,0,0.747,0.4974,0.8088,0.8443,0.8244,0.7455,0.7069,0.8041,0.8443,0,0.907,0,0.7436,0.6821,0.9026,0.5795,0.8103,0.7692,0.7077,0.641,0.7385,0,0.9235,0.7,0.2294,0.5521,0.7594,0.9826,0.9503,0.9487,0.8736,0.963,0.3871,0,0.7037,184
186,RAB22A,Candidate gene,0.9538,0.7188,0.9744,0.9471,0.6134,0.7047,0,0,0,0.4974,0,0,0.8855,0,0.8563,0,0.9401,0,0,0,0.9692,0.8462,0.8564,0.6718,0.5897,0.7692,0.5692,0.641,0.6051,0.0993,0.0529,0.3471,0.7647,0.5521,0.4492,0.2558,0.5093,0.9487,0.7816,0.9841,0.8817,0.5801,0.1587,185
187,BTBD3,Candidate gene,0.959,0,0.9744,0.9788,0.6134,0.7047,0.1985,0,0,0.4974,0,0,0,0,0,0,0.6647,0,0,0,0.9692,0.8718,0.9744,0.8821,0.9436,0.7692,0.8923,0.641,0.8718,0.1391,0.6941,0.5176,0.3765,0.5521,0.1818,0.7093,0.3913,0.8,0.6092,0.164,0.6774,0.5801,0.7037,186
188,REEP5,Candidate gene,0.9641,0.9948,0.9385,0.9418,0.6134,0.7047,0.5802,0,0,0.4974,0,0,0,0,0,0,0.5988,0,0.9922,0,0.8923,0.6564,0.8769,0.7179,0.7744,0.4564,0.8923,0.641,0.6821,0.1921,0.2294,0.1941,0.6941,0.5521,0.4545,0.0756,0.646,0.9487,0.9138,0.3704,0.6075,0.5801,0.1587,187
189,TMEM30A,Candidate gene,0.9692,0.849,0.9744,0.9735,0.6134,0.7047,0.5802,0,0,0.4974,0,0,0,0,0,0,0,0,0,0,0.9128,0.6359,0.9744,0.8821,0.6,0.7692,0.8923,0.641,0.8718,0,0.4412,0.2765,0.8647,0.5521,0.3155,0,0.5901,0.8308,0.954,0.2646,0.7312,0.2928,0.7037,188
190,SF3A2,Candidate gene,0.9744,0.9792,0.8205,0.9312,0.6134,0.7047,0,0,0,0.4974,0.9044,0.8443,0.916,0,0.8563,0.8041,0.9042,0,0,0,0.3333,0.9333,0.9179,0.4564,0.9538,0.5179,0.6667,0.2359,0.9333,0,0,0,0,0.8958,0.9358,0.9244,0.6584,0.6462,0.9655,0.2328,0.6505,0.884,0.7037,189
191,EIF1B,Candidate gene,0.9795,0.901,0.9385,0,0.6134,0.7047,0,0,0,0.4974,0,0,0,0,0.8563,0,0,0,0,0,0.9179,0.7231,0.8205,0.7333,0.8462,0.7692,0.8923,0.641,0.7333,0.9338,0.7235,0.3176,0.8235,0.5521,0.2299,0.7326,0.2298,0.9487,0.9943,0.9101,0.4946,0.2928,0.7037,190
192,LAPTM4B,Candidate gene,0.9846,0.9896,0.9744,0.873,0.6134,0.7047,0.4351,0,0,0.4974,0,0,0,0,0.8563,0,0.6826,0,0,0,0.9692,0.6,0.8564,0.8821,0.6564,0.7692,0.8923,0.641,0.641,0.9404,0.7647,0.7353,0.4529,0.5521,0.2781,0.8953,0,0.9487,0.7759,0.4444,0.3441,0.6685,0.1587,191
193,UBE2E3,Candidate gene,0.9897,0.9583,0.8462,0.8995,0.6134,0.7047,0,0,0,0.4974,0.9044,0,0.9924,0,0.8563,0,0.8683,0,0,0,0.9692,0.9026,0.9436,0.7641,0.9744,0.5077,0.7282,0.641,0.9077,0,0,0,0,0.5521,0.1337,0,0,0.9487,0.8161,0.9418,0.8602,0.884,0.7037,192
194,LYL1,Candidate gene,0.9949,0.7083,0.9744,0.9153,0.6134,0.7047,0,0,0.8976,0.4974,0,0,0,0,0.8563,0,0,0.907,0.9767,0.9365,0.9692,0.9795,0.9077,0.8821,0.9949,0.7692,0.7538,0.641,0.9897,0.6358,0.9588,0.9941,0.3176,0.5521,0.9358,0.7442,0.3106,0.9487,0.4425,0.619,0.8978,0,0.7037,193
195,STH,Training gene,1,1,0.8462,0,0,0,0,0,0,1,0,0,0,0,0,0,0.3952,0,0,0,0.9692,0.9897,0.9744,0.8821,1,0.7692,0.8923,0.641,1,0,0,0,0,0.9792,0,0,0,0.5744,0,0,0,0,0.7037,194